Nombre,apellido,telefono,semestre,email,id,urlPhoto
Alberto,Alvarez,3155462882,ads,asd,asd,https://i.ytimg.com/vi/M16nBoCZAM4/maxresdefault.jpg
Alejandro,Martinez Martinez,3112345674,5,alejomam2011@gmail.com,A00354350,https://pbs.twimg.com/profile_images/1341405140/jd1_400x400.GIF
Ana Maria, Muñoz Valencia,3017980082,5,cnscanamariamv@gmail.com,A00352237,https://envivo.bancomundial.org/sites/default/files/styles/focal_point_bio_detail/public/experts/ana-maria-munoz-boudet_1.jpg?itok=TGQ4Rtlo
Carlos,Perez,3155462882,6,carlos@vojabes.com,A00356210,https://i.ytimg.com/vi/M16nBoCZAM4/maxresdefault.jpg
Carlos Andres,Restrepo Marin,3207977395,5,cr461204@gmail.com,A00355028,https://i2.wp.com/blog.urbanroosters.com/wp-content/uploads/2019/02/1-22.jpg?resize=690%2C702&ssl=1
Cesar,Canales,3128854847,5,sleepata6@gmail.com,A00345026,https://pbs.twimg.com/profile_images/1341405140/jd1_400x400.GIF
Christian ,Flor Astudillo,3006780898,5,christian.flor43@gmail.com,A00355624,https://pbs.twimg.com/profile_images/1341405140/jd1_400x400.GIF
Critian Camilo,Lasso Hernandez,3165301157,5,crisca_25@hotmail.com,A00355275,https://pbs.twimg.com/profile_images/1341405140/jd1_400x400.GIF
Daniel,Fernandez,3122199411,5,alejo.dafr@gmail.com,A00354694,https://s3.eestatic.com/2018/05/25/espana/tribunales/Audiencia_Nacional-Estado_Islamico-GAL-Tribunales_309980854_79280221_1024x576.jpg
Elias,Estupiñan,3225921114,6,simply753@gmail.com,A00049152,https://drive.google.com/open?id=1eniDi-vy6PwBfg4z8W6wb5jvZInrSOoD
Gabriel,Cruz Libreros,3113165736,5,gabrielcl45@gmail.com,A00056020,https://pbs.twimg.com/profile_images/1341405140/jd1_400x400.GIF
Jairo Emilio ,Rodriguez Viveros,3101234452,5,jairitox2000@gmail.com,A00354217,https://pbs.twimg.com/profile_images/1341405140/jd1_400x400.GIF
Jhon Edward,Mora Mora,3166360553,5,jhonedmora@gmail.com,A00355710,https://avatars2.githubusercontent.com/u/47871531?s=460&v=4
Johann Andrei,Ocampo Torres,3156352435,5,johann0117@live.com,A00295744,https://vignette.wikia.nocookie.net/jojo/images/3/35/Jotarokujo_anime.png/revision/latest?cb=20170302000829&path-prefix=es
Jose David,Jimenez Florez,3133133113,5,jdjimenez04@hotmail.com,A00355457,https://res.cloudinary.com/teepublic/image/private/s--RH8rzqiO--/c_crop
Juan David,Lectamo,3134567865,5,l3c74m0@gmail.com,A00358456,https://i.pinimg.com/originals/3b/7b/f7/3b7bf7f495243bc092c35bc48785c68c.jpg
Juan David,Hernandez,3155462882,5,juanher0825@gmail.com,A00356210,https://pbs.twimg.com/profile_images/1341405140/jd1_400x400.GIF
Juan David,Vera Usman,3184696446,5,juandaveru@gmail.com,A00293816,https://www.teetee.eu/app/uploads/2016/06/design_1466078013.jpg
Juan Diego,Naranjo Tafur,3145608074,5,juannaranjo1206@gmail.com,A00351771,https://pbs.twimg.com/profile_images/1341405140/jd1_400x400.GIF
Juan Jose,Calderon Holguin,3017552522,6,juancalderon721@outlook.com,A00345638,https://pbs.twimg.com/profile_images/1716459149/19072009384_400x400.jpg
Juan Jose,Valencia Jaramillo,3136353922,5,juanchouni@hotmail.com,A00354904,https://www.rockandpop.cl/wp-content/uploads/2019/03/64c87618ca8a75cf849759e97605e8e4fcc9195169798bf1afd2e6b6e36a5ca0-400x360.jpg
Lina Johanna,Salinas Delgado,3182614334,5,linasalinasd7@gmail.com,A00348047,https://pbs.twimg.com/profile_images/1341405140/jd1_400x400.GIF
Luis Felipe,Sanchez Vega,3176737525,5,vegafelipe015@gmail.com,A00355727,https://pbs.twimg.com/media/C_A9sjWXoAEmAUQ.jpg
Maicol,Giovanny,3155462882,5,juan@gmail.com,1192766656,https://i.ytimg.com/vi/M16nBoCZAM4/maxresdefault.jpg
Manuel,Balanta Quintero,3218746583,5,mbalantaq@gmail.com,A00351728,https://pbs.twimg.com/profile_images/985501710469750786/A9YVxSRl_400x400.jpg
Mateo,Ramirez Rodriguez,3174149631,5,mateoboom@hotmail.com,A00351422,https://pbs.twimg.com/profile_images/1341405140/jd1_400x400.GIF
Natalia Isabel,Gonzalez Murillo,3217335600,5,natalia.gonzalez3@correo.icesi.edu.co,A00354849,https://pbs.twimg.com/profile_images/1341405140/jd1_400x400.GIF
Oscar Ivan,Riascos Guevara,3152363380,5,osvan202@gmail.com,A00348435,https://drive.google.com/file/d/1O0swckdWAJLrMx-1ivVJg1r2sUpqJ6Hr/view?usp=sharing
P,PO,P,P,OP,P,https://www.youtube.com/watch?v=uX3IZ80dXsU
Santiago A.,Rosero Cordoba,3106584281,6,santiago.rosero1@correo.icesi.edu.co,A00049184,https://drive.google.com/file/d/0B-3IR2yxjXOseHpVQnRhTFlfREU/view?usp=sharing
Sergio Alejandro,Cabrera Nieto,3214286125,5,sergiocabreranieto@gmail.com,A00354577,https://upload.wikimedia.org/wikipedia/commons/thumb/2/2d/S.Martini.jpg/220px-S.Martini.jpg
WIlmar,Rodriguez,3155462881,5,asda,ads,https://i.ytimg.com/vi/M16nBoCZAM4/maxresdefault.jpg
Yimar David,Tamayo Hernandez,3164403798,5,yimar2001@gmail.com,A00355117,https://pbs.twimg.com/profile_images/701925334267125761/oPFULyy2_400x400.jpg
j,j,j,j,j,j,https://img.huffingtonpost.com/asset/5e3c23d12700007b0338b64d.png?ops=scalefit_720_noupscale
j,j,j,j,j,j,https://www.youtube.com/watch?v=NndHmkDy_tk
j,j,j,j,j,j,https://www.youtube.com/watch?v=q6cDn9sMRME
jo,jho,oj,oj,oj,oj,https://www.youtube.com/watch?v=q6cDn9sMRME
jo,jo,jo,o,j,oj,https://www.youtube.com/watch?v=uX3IZ80dXsU
ko,ko,ko,ko,ok,ko,https://www.youtube.com/watch?v=q6cDn9sMRME
koKOok,kjh,j,n,bn,m,https://www.youtube.com/watch?v=q6cDn9sMRME
koOK,OK,OK,KO,KO,KO,https://www.youtube.com/watch?v=uX3IZ80dXsU
